[
  "62831234487089@s.whatsapp.net",
  {
    "id": "62831234487089@s.whatsapp.net",
    "name": "#GRuz1MV",
    "seri": "mwgToDv2a0",
    "premium": false
  },
  "62895428441228@s.whatsapp.net",
  "15517868423@s.whatsapp.net",
  "6282314225590@s.whatsapp.net",
  "62881027995767@s.whatsapp.net",
  {
    "id": "62881027995767@s.whatsapp.net",
    "name": "#GRB8sHN",
    "seri": "UZlysC55UV",
    "premium": false
  },
  "62887082474478@s.whatsapp.net",
  "62831234487081@s.whatsapp.net",
  "6283875963599@s.whatsapp.net",
  "15517868409@s.whatsapp.net",
  "15517868426@s.whatsapp.net",
  "6281572288915@s.whatsapp.net",
  {
    "id": "6283875963599@s.whatsapp.net",
    "name": "#GR9YTUn",
    "seri": "IMpqOOh0Op",
    "premium": false
  },
  {
    "id": "6282314225590@s.whatsapp.net",
    "name": "#GRB4OHg",
    "seri": "7ovS5OT4N1",
    "premium": false
  },
  "6281535223390@s.whatsapp.net"
]